{
    "version": [0, 0, 1],
    "stats": {
        "primary": [
            "strength",
            "magic",
            "archery",
            "constitution",
            "will",
            "perception"
        ],
    "other": {
        "resource": [
            "health",
            "mana",
            "stamina"
        ],
        "secondary": [
            "growth_hp",
            "growth_mp",
            "luck"
        ],
        "defense": [
            "defense",
            "evasion",
            "resistance",
            "armor_penetration"
        ]
    },
    "elemental": [
        "file",
        "nature",
        "electric",
        "earth",
        "water"
    ]
  }
}