{
    "version": [0, 0, 1],
    "attribute": {
        "weapons": [
            "damage",
            "armor_penetration"
        ],
        "armor": [
            "defense",
            "evasion"
        ],
        "subs_stats": [
            {"name":"strength",     "value": [1, 5]},
            {"name":"magic",        "value": [1, 5]},
            {"name":"archery",      "value": [1, 5]},
            {"name":"constitution", "value": [2, 7]},
            {"name":"will",         "value": [1, 6]},
            {"name":"perception",   "value": [1, 5]},

            {"name":"growth_hp",    "value": [1, 3]},
            {"name":"growth_mp",    "value": [1, 3]},
            {"name":"luck",         "value": [2, 10]},

            {"name":"defense",      "value": [10, 100]},
            {"name":"evasion",      "value": [7, 20]},
            {"name":"resistance",   "value": [1, 21]}
        ]
    },
    "items": {
        "axe": "axe.weapons",

        "armor": "armor.armor",

        "potions": "potion.potions",

        "food": "food.food",

        "mod_food": "m_f.food"
    }
}