{
   "en": {
      "inventory": {
         "no_have_items": "You do not have any items in your inventory"
      },
      "equipment": {
         "weapons_equip_double_location": "pasang di [R]{right} or [L]{left}",
         "cant_use_items": "kamu tidak bisa pakai items {name}. items ini hanya untuk role {role}"
      },
      "input_messages": {
         "get_enter": "You must enter",
         "get_boolean_input": "You must enter \"yes\" or \"no\" (y/n).",
         "forms_of_true": [
            "yes",
            "y"
         ],
         "forms_of_false": [
            "no",
            "n"
         ]
      }
   },
   "id": {
      "input_messages": {
         "get_enter": "Kamu harus enter",
         "get_boolean_input": "Kamu harus enter \"yes\" atau \"no\" (y/n).",
         "forms_of_true": [
            "yes",
            "y"
         ],
         "forms_of_false": [
            "no",
            "n"
         ]
      }
   }
}