{
    "style_attack": {
        "melee": "strength",
        "ranged": "archery",
        "magic": "magic"
    },
    "melee": {
        "slab": {
            "name": "melee:slab",
            "displayName": "slab",
            "typeAttack": "physical",
            "description_of_being_used": "attack",
            "multiplier": [
                { "modifier": 0.2, "stats": "self.level" },
                { "modifier": 0.05, "stats": "self.physical_damage" },
                { "modifier": 0.05, "stats": "self.magic_damage" }
            ]
        }
    },
    "ranged": {
        "shoot": {
            "name": "ranged:shoot",
            "displayName": "shoot",
            "typeAttack": "physical",
            "base_damage": [5, 7],
            "countdown": 1,
            "description_of_being_used": "debug:-shoot",
            "cost": { "stamina": 15 },
            "multiplier": [
                { "modifier": 0.2, "stats": "self.magic_damage" },
                { "modifier": 0.7, "stats": "self.damage" }
            ]
        },
        "one_shoot": {
            "name": "ranged:one_shoot",
            "displayName": "one shoot",
            "typeAttack": "physical",
            "base_damage": [10, 30],
            "description_of_being_used": "debug:-shoot",
            "cost": { "stamina": 50 },
            "multiplier": [
                { "modifier": 0.1, "stats": "self.level" },
                { "modifier": 0.4, "stats": "enemy.archery" }
            ]
        }
    },
    "magic": {
        "icebolt": {
            "name": "magic:icebolt",
            "displayName": "Ice Bolt",
            "typeAttack": "magic",
            "base_damage": [3, 7],
            "description_of_being_used": "attack.description.bolt",
            "cost": {"mana": 30},
            "multiplier": [
                { "modifier": 0.2, "stats": "self.mana" },
                { "modifier": 0.3, "stats": "self.magic_damage" }
            ]
        },
        "magicbolt": {
            "name": "magic:magicbolt",
            "displayName": "magic bolt",
            "typeAttack": "magic",
            "description_of_being_used": "attack.description.bolt",
            "cost": { "mana": 20 },
            "multiplier": [
                { "modifier": 0.1, "stats": "self.magic" },
                { "modifier": 0.3, "stats": "self.magic_damage" },
                { "modifier": 0.2, "stats": "self.perception" }
            ]
        },
        "firebolt": {
            "name": "magic:firebolt",
            "displayName": "fire bolt",
            "typeAttack": "magic",
            "description_of_being_used": "attack.description.bolt",
            "cost": { "mana": 25 },
            "multiplier": [
                { "modifier": 0.2, "stats": "enemy.magic_reduce" },
                { "modifier": 0.4, "stats": "self.magic_damage" },
                { "modifier": 0.1, "stats": "self.resistance" }
            ]
        },
        "magicslash": {
            "name": "magic:magicslash",
            "displayName": "slash magic",
            "typeAttack": "magic",
            "description_of_being_used": "magic slash",
            "cost": { "mana": 10},
            "multiplier": [
                { "modifier": 0.4, "stats": "self.strength" },
                { "modifier": 0.1, "stats": "self.magic" }
            ]
        },
        "brokenwall": {
            "name": "magic:brokenwall",
            "displayName": "broken wall",
            "typeAttack": "magic",
            "description_of_being_used": "debug:-Broken Wall",
            "cost": { "mana": 55 },
            "multiplier": [
                { "modifier": 0.6, "stats": "enemy.magic_reduce" },
                { "modifier": 0.1, "stats": "self.level" },
                { "modifier": 0.3, "stats": "enemy.magic" }
            ]
        }
    },
    "basic_attack": {
        "name": "default:normal_attack",
        "displayName": "Basic Attack",
        "typeAttack": "physical",
        "base_damage": [1, 10],
        "description_of_being_used": "attack",
        "multiplier": [
            { "modifier": 0.3, "stats": "self.level" },
            { "modifier": 0.3, "stats": "self.physical_damage" },
            { "modifier": 0.2, "stats": "self.magic_damage" }
        ]
    }
}