{
    "class_enemy": [
        "rat",
        "golem",
        "witch"
    ],
    "variant": {
        "rat": [
            {
                "name": "magic rat",
                "styleAttack": "magic",
                "typeAttack":"magic",
                "prority": [
                    "magic", "evasion", "will"
                ],
                "stats": {
                    "magic": 25,
                    "evasion": 5,
                    "health": 5,
                    "mana": 35,
                    "perception": 5,
                    "resistance": 25,
                    "defense": 5
                },
                "attack": [
                    {
                        "name":"attack:01",
                        "base_damage": 4,
                        "multiplier": [
                            {
                                "modifier": 0.12,
                                "stats": "self.magic_damage"
                            },
                            {
                                "modifier": 0.3,
                                "stats": "self.level"
                            }
                        ]
                    }
                ]
            },
            {
                "name": "strong rat",
                "prority": ["health", "defense", "strength"],
                "stats": {
                    "evasion": 7,
                    "health": 65,
                    "defense": 26,
                    "strength": 25,
                    "perception": 5,
                    "resistance": 5
                }
            }
        ]
    },
    "class": {
        "rat": {
            "name": "rat",
            "styleAttack": "strength",
            "typeAttack": "physical",
            "stats": {
                "strength": 8, 
                "magic": 4, 
                "archery": 1, 
                "constitution": 5,
                "will": 1, 
                "perception": 21, 
                "growth_hp": 50,
                "growth_mp": 30, 
                "luck": 130,
                "defense": 10,
                "evasion": 45,
                "resistance": 15,
                "armor_penetration":0,
                "health": 10,
                "stamina": 10,
                "mana": 10
            },
            "prority": [
                "perception", "evasion", "strength"
            ],
            "attack": [
                {
                    "name": "attack:01",
                    "displayName": "attack",
                    "typeAttack": "physical",
                    "base_damage": 5,
                    "description_of_being_used": "attack",
                    "multiplier": [
                        {
                            "modifier": 0.2,
                            "stats": "self.level"
                        },
                        {
                            "modifier": 0.8,
                            "stats": "self.luck"
                        },
                        {
                            "modifier": 0.1,
                            "stats": "self.physical_damage"
                        }
                    ]
                }
            ]
        },
        "golem": {
            "name": "golem",
            "styleAttack": "strength",
            "typeAttack": "physical",
            "stats": {
                "strength": 5, 
                "magic": 5, 
                "archery": 5, 
                "constitution": 20,
                "will": 10, 
                "perception": 3, 
                "growth_hp": 165,
                "growth_mp": 65, 
                "luck": 100,
                "defense": 45,
                "health": 150,
                "stamina": 15
            },
            "prority": [
                "growth_hp", "defense", "health"
            ]
        },
        "witch": {
            "name": "witch",
            "styleAttack": "magic",
            "typeAttack": "magic",
            "stats": {
                "strength": 10, 
                "magic": 25, 
                "archery": 5,
                "constitution": 15,
                "will": 21, 
                "perception": 7, 
                "growth_hp": 85,
                "growth_mp": 125, 
                "luck": 100,
                "defense": 9,
                "evasion": 13,
                "resistance": 30,
                "armor_penetration": 5,
                "health": 15,
                "mana": 45,
                "stamina": 5
            },
            "prority":[
                "magic", "mana", "will"
            ]
        }
    }
}