{
    "version": [0, 0, 2],
    "name": "data:items",
    "path": "item/",
    "attribute": {
        "basic": [
            "damage",
            "armor_penetration",
            "defense",
            "evasion"
        ],
        "_other": [
            "strength",
            "magic",
            "archery",
            "constitution",
            "will",
            "perception",
            "growth_hp",
            "growth_mp",
            "luck",
            "resistance",
            "critical_change",
            "critical_hit",
            "health",
            "mana",
            "stamina"
        ]
    },
    "items": {

    }
}   