{
    "version": [0, 0, 1],
    "name": "armor",
    "type_items": "armor",
    "class": "EQUIPPABLE",
    "slot": ["body"],
    "user": "all",
    "pasive": {
        "bonus_defense": 10,
        "from": "health",
        "recommend": ["warrior", "same_weapons"]
    },
    "item": {
        "common": [
            {
                "name": "Wood Armor",
                "defense": 10,
                "evasion": 6,
                "price": {"value": 5, "type": "gold", "max_discont": 5},
                "id": 1
            },
            {
                "name": "Stone Armor",
                "defense": 1,
                "evasion": 10,
                "price": {"value": 5, "type": "gold", "max_discont": 5},
                "id": 2
            },
            {
                "name": "Dust Armor",
                "defense": 1,
                "evasion": 4,
                "price": {"value": 5, "type": "gold", "max_discont": 5},
                "id": 3
            }
        ],
        "uncommon": [
            {
                "name": "wood",
                "defense": 10,
                "evasion": 6,
                "price": {"value": 5, "type": "gold", "max_discont": 5},
                "id": 1
            },
            {
                "name": "stone",
                "defense": 1,
                "evasion": 10,
                "price": {"value": 5, "type": "gold", "max_discont": 5},
                "id": 2
            },
            {
                "name": "dust",
                "defense": 1,
                "evasion": 4,
                "price": {"value": 5, "type": "gold", "max_discont": 5},
                "id": 3
            }
        ],
        "rare": [
            {
                "name": "wood",
                "defense": 10,
                "evasion": 6,
                "price": {"value": 5, "type": "gold", "max_discont": 5},
                "id": 1
            },
            {
                "name": "stone",
                "defense": 1,
                "evasion": 10,
                "price": {"value": 5, "type": "gold", "max_discont": 5},
                "id": 2
            },
            {
                "name": "dust",
                "defense": 1,
                "evasion": 4,
                "price": {"value": 5, "type": "gold", "max_discont": 5},
                "id": 3
            }
        ],
        "epic": [
            {
                "name": "wood",
                "defense": 10,
                "evasion": 6,
                "price": {"value": 5, "type": "gold", "max_discont": 5},
                "id": 1
            },
            {
                "name": "stone",
                "defense": 1,
                "evasion": 10,
                "price": {"value": 5, "type": "gold", "max_discont": 5},
                "id": 2
            },
            {
                "name": "dust",
                "defense": 1,
                "evasion": 4,
                "price": {"value": 5, "type": "gold", "max_discont": 5},
                "id": 3
            }
        ],
        "legendary": [
            {
                "name": "wood",
                "defense": 10,
                "evasion": 6,
                "price": {"value": 5, "type": "gold", "max_discont": 5},
                "id": 1
            },
            {
                "name": "stone",
                "defense": 1,
                "evasion": 10,
                "price": {"value": 5, "type": "gold", "max_discont": 5},
                "id": 2
            },
            {
                "name": "dust",
                "defense": 1,
                "evasion": 4,
                "price": {"value": 5, "type": "gold", "max_discont": 5},
                "id": 3
            }
        ],
        "special": [
            {
                "name": "wood",
                "defense": 10,
                "evasion": 6,
                "price": {"value": 5, "type": "gold", "max_discont": 5},
                "id": 1
            },
            {
                "name": "stone",
                "defense": 1,
                "evasion": 10,
                "price": {"value": 5, "type": "gold", "max_discont": 5},
                "id": 2
            },
            {
                "name": "dust",
                "defense": 1,
                "evasion": 4,
                "price": {"value": 5, "type": "gold", "max_discont": 5},
                "id": 3
            }
        ]
    },
    "list": [
        "item.common",
        "item.uncommon",
        "item.rare",
        "item.epic",
        "item.legendary",
        "item.special"

    ]
}