{
    "version": [0, 0, 1],
    "name": "axe",
    "type_items": "weapons",
    "class": "EQUIPPABLE",
    "slot": ["right_hand", "left_hand"],
    "user": ["all"],
    "pasive": {
        "bonus_damage": 20,
        "from": "health",
        "recommend": ["warrior", "same_weapons"]
    },
    "item": {
        "common": [
            {
                "name": "Wood Axe",
                "damage": [10, 15],
                "armor_penetration": 6,
                "price": {"value": 5, "type": "gold", "max_discont": 5},
                "id": 1,
                "sub_stats": {
                    "strength": 10
                }
            },
            {
                "name": "Stone Axe",
                "damage": [12, 20],
                "armor_penetration": 10,
                "price": {"value": 5, "type": "gold", "max_discont": 5},
                "id": 2
            },
            {
                "name": "Dust Axe",
                "damage": [10, 15],
                "armor_penetration": 4,
                "price": {"value": 5, "type": "gold", "max_discont": 5},
                "id": 3
            }
        ],
        "uncommon": [
            {
                "name": "wood",
                "damage": [10, 15],
                "armor_penetration": 6,
                "price": {"value": 5, "type": "gold", "max_discont": 5},
                "id": 1
            },
            {
                "name": "stone",
                "damage": [12, 20],
                "armor_penetration": 10,
                "price": {"value": 5, "type": "gold", "max_discont": 5},
                "id": 2
            },
            {
                "name": "dust",
                "damage": [10, 15],
                "armor_penetration": 4,
                "price": {"value": 5, "type": "gold", "max_discont": 5},
                "id": 3
            }
        ],
        "rare": [
            {
                "name": "wood",
                "damage": [10, 15],
                "armor_penetration": 6,
                "price": {"value": 5, "type": "gold", "max_discont": 5},
                "id": 1
            },
            {
                "name": "stone",
                "damage": [12, 20],
                "armor_penetration": 10,
                "price": {"value": 5, "type": "gold", "max_discont": 5},
                "id": 2
            },
            {
                "name": "dust",
                "damage": [10, 15],
                "armor_penetration": 4,
                "price": {"value": 5, "type": "gold", "max_discont": 5},
                "id": 3
            }
        ],
        "epic": [
            {
                "name": "wood",
                "damage": [10, 15],
                "armor_penetration": 6,
                "price": {"value": 5, "type": "gold", "max_discont": 5},
                "id": 1
            },
            {
                "name": "stone",
                "damage": [12, 20],
                "armor_penetration": 10,
                "price": {"value": 5, "type": "gold", "max_discont": 5},
                "id": 2
            },
            {
                "name": "dust",
                "damage": [10, 15],
                "armor_penetration": 4,
                "price": {"value": 5, "type": "gold", "max_discont": 5},
                "id": 3
            }
        ],
        "legendary": [
            {
                "name": "wood",
                "damage": [10, 15],
                "armor_penetration": 6,
                "price": {"value": 5, "type": "gold", "max_discont": 5},
                "id": 1
            },
            {
                "name": "stone",
                "damage": [12, 20],
                "armor_penetration": 10,
                "price": {"value": 5, "type": "gold", "max_discont": 5},
                "id": 2
            },
            {
                "name": "dust",
                "damage": [10, 15],
                "armor_penetration": 4,
                "price": {"value": 5, "type": "gold", "max_discont": 5},
                "id": 3
            }
        ],
        "special": [
            {
                "name": "wood",
                "damage": [10, 15],
                "armor_penetration": 6,
                "price": {"value": 5, "type": "gold", "max_discont": 5},
                "id": 1
            },
            {
                "name": "stone",
                "damage": [12, 20],
                "armor_penetration": 10,
                "price": {"value": 5, "type": "gold", "max_discont": 5},
                "id": 2
            },
            {
                "name": "dust",
                "damage": [10, 15],
                "armor_penetration": 4,
                "price": {"value": 5, "type": "gold", "max_discont": 5},
                "id": 3
            }
        ]
    },
    "list": [
        "item.common",
        "item.uncommon",
        "item.rare",
        "item.epic",
        "item.legendary",
        "item.special"

    ]
}