{
    "version": [0, 0, 2],
    "name": "armor",
    "type_items": "armor",
    "class": "EQUIPPABLE",
    "slot": ["body"],
    "user": "all",
    "pasive": {
        "bonus_defense": 10,
        "from": "health",
        "recommend": ["warrior", "same_weapons"]
    },
    "item": {
        "wood_armor": {
            "name": "Wood Armor",
            "quality": "common",
            "defense": 10,
            "evasion": 6,
            "price": {"value": 5, "type": "gold", "max_discont": 5},
            "id": "armor:wood"
        },
        "stone_armor":{
            "name": "Stone Armor",
            "quality": "common",
            "defense": 1,
            "evasion": 10,
            "price": {"value": 5, "type": "gold", "max_discont": 5},
            "id": "armor:stone"
        },
        "dust_armor": {
            "name": "Dust Armor",
            "quality": "common",
            "defense": 1,
            "evasion": 4,
            "price": {"value": 5, "type": "gold", "max_discont": 5},
            "id": 3
        }
    },
    "listitems": [
        "item.wood_armor",
        "item.stone_armor",
        "item.dust_armor"

    ],
    "quality": {
        "common":[
            "item.wood_armor",
            "item.stone_armor",
            "item.dust_armor"
        ]
    }
}