{
    "version": [0, 0, 2],
    "name": "axe",
    "type_items": "weapons",
    "type_attack": "strength",
    "class": "EQUIPPABLE",
    "slot": ["main_hand", "off_hand"],
    "user": ["warrior"],
    "pasive": {
        "bonus_damage": 20,
        "from": "health",
        "recommend": ["warrior", "same_weapons"]
    },
    "item": {
        "wood_axe": {
            "name": "Wood Axe",
            "damage": [3, 12],
            "quality": "common",
            "armor_penetration": 6,
            "defense": 10,
            "evasion": 6,
            "price": {"value": 5, "type": "gold", "max_discont": 5},
            "id": 1,
            "sub_stats": {
                "strength": {"value": 10, "type": "bonus"}
            }
        },
        "stone_axe": {
            "name": "Stone Axe",
            "damage": [5, 15],
            "armor_penetration": 10,
            "quality": "common",
            "price": {"value": 5, "type": "gold", "max_discont": 5},
            "id": 2,
            "sub_stats": {
                "critical_hit": { "value": 17.5, "type": "bonus", "category": "percent" }
            }
        },
        "dust_axe": {
            "name": "Dust Axe",
            "quality": "common",
            "damage": [10, 15],
            "armor_penetration": 4,
            "price": {"value": 5, "type": "gold", "max_discont": 5},
            "id": 3
        }
        
    },
    "listitems": [
        "item.wood_axe",
        "item.stone_axe",
        "item.dust_axe"
    ],
    "quality": {
        "common": [
            "item.wood_axe",
            "item.stone_axe",
            "item.dust_axe"
        ]
    }
}