{
    "version": [0, 0, 1],
    "name": "food",
    "type_items": "food",
    "class": "CONSUMABLE",
    "item": {
        "apple": {
            "name": "Apple",
            "type": "recover",
            "quality":"common",
            "price": {"value": 5, "type": "gold", "max_discont": 5},
            "id": 0,
            "stats": {"health": 5}
        },
        "g_apple": {
            "name": "Golden Apple",
            "type": "increase",
            "quality":"common",
            "price": {"value": 5, "type": "gold", "max_discont": 5},
            "id": 0,
            "stats": {"growth_hp": 5,"growth_mp": 5, "luck": 10}
        }
    },
    "list": [
        "item.apple",
        "item.lemon"
    ]
}