{
    "version": [0, 0, 1],
    "name": "potion",
    "type_items": "potion",
    "class": "CONSUMABLE",
    "item": {
        "recover_potion": {
            "name": "Recover Potion",
            "type": "recover",
            "quality": "common",
            "price": {"value": 5, "type": "gold", "max_discont": 5},
            "id": 0,
            "stats": {"health": 10, "mana": 50, "stamina": 5}
        },
        "potion_health_max": {
            "name": "Potion health max",
            "type": "recover",
            "quality": "common",
            "price": {"value": 5, "type": "gold", "max_discont": 5},
            "id": 0,
            "stats": {
                "health": {"persent": 20, "stats": "player.health"},
                "stamina": {"persent": 10, "stats": "player.stamina"}
            }
        }

    },
    "list": [
        "item.recover_potion",
        "item.potion_health_max"
    ]
}