{
    "version": [0, 0, 2],
    "name": "axe",
    "type_items": "weapons",
    "type_attack": "strength",
    "class": "EQUIPPABLE",
    "slot": ["main_hand", "off_hand"],
    "user": ["all"],
    "pasive": {
        "bonus_damage": 20,
        "from": "health",
        "recommend": ["warrior", "same_weapons"]
    },
    "item": {
        "wood_sword": {
            "name": "Wood Sword",
            "damage": [10, 15],
            "pasive": "",
            "quality": "common",
            "armor_penetration": 6,
            "price": {"value": 5, "type": "gold", "max_discont": 5},
            "id": 1,
            "sub_stats": {
                "strength": {"value": 10, "type": "bonus"}
            }
        }
    },
    "list": [
        "item.wood_sword"
    ],
    "quality": {
        "common": ["item.wood_sword"]
    }
}