{
    "version": [0, 0, 2],
    "name": "armor",
    "type_items": "armor",
    "class": "EQUIPPABLE",
    "location": ["body"],
    "user": "all",
    "items": { 
        "wood_armor": {
            "name": "Wood Armor",
            "quality": "common",
            "defense": 10,
            "evasion": 6,
            "price": {"value": 5, "type": "gold", "max_discount": 5},
            "identify": "armor:wood"
        },
        "stone_armor":{
            "name": "Stone Armor",
            "quality": "common",
            "defense": 1,
            "evasion": 10,
            "price": {"value": 5, "type": "gold", "max_discount": 5},
            "identify": "armor:stone"
        },
        "dust_armor": {
            "name": "Dust Armor",
            "quality": "common",
            "defense": 1,
            "evasion": 4,
            "price": {"value": 5, "type": "gold", "max_discount": 5},
            "identify": 3
        }
    },
    "list": [
        "wood_armor",
        "stone_armor",
        "dust_armor"
    ]
}