{
    "version": [0, 0, 2],
    "name": "axe",
    "type_items": "weapons",
    "styleAttack": "melee",
    "class": "EQUIPPABLE",
    "location": ["main_hand", "off_hand", "two_hand"],
    "user": ["warrior"],
    "items": {
        "wood_axe": {
            "name": "Wood Axe",
            "damage": [3, 12],
            "quality": "common",
            "armor_penetration": 6,
            "defense": 10,
            "evasion": 6,
            "price": {"value": 5, "type": "gold", "max_discount": 5},
            "sub_stats": {
                "strength": 5,
                "health": 10
            },
            "attack": [
                {
                    "name": "melee:slash",
                    "displayName": "Slash",
                    "typeAttack": "maic",
                    "multiplier": [
                        {
                            "modifier": 0.3,
                            "stats": "self.damage"
                        }
                    ],
                    "description_of_being_used": "slash",
                    "cost": {
                        "stamina": 10,
                        "mana": 20
                    }
                },
                {
                    "name": "melee:slab",
                    "displayName": "Slab",
                    "typeAttack": "physical",
                    "multiplier": [
                        {
                            "modifier": 0.5,
                            "stats": "self.strength"
                        },
                        {
                            "modifier": 0.1,
                            "stats": "self.health"
                        }
                    ],
                    "description_of_being_used": "slash",
                    "cost": {
                        "stamina": 10
                    }
                }
            ]
        },
        "stone_axe": {
            "name": "Stone Axe",
            "damage": [5, 15],
            "armor_penetration": 10,
            "quality": "common",
            "price": {"value": 5, "type": "gold", "max_discount": 5},
            "sub_stats": {
                "critical_hit": 17.5
            }
        },
        "dust_axe": {
            "name": "Dust Axe",
            "quality": "common",
            "damage": [10, 15],
            "armor_penetration": 4,
            "price": {"value": 5, "type": "gold", "max_discount": 5},
            "identify": 3
        }
        
    }
}