{
    "version": [0, 0, 2],
    "name": "bow",
    "type_items": "weapons",
    "styleAttack": "ranged",
    "class": "EQUIPPABLE",
    "location": ["two_hand"],
    "user": ["all"],
    "items": {
        "wood_sword": {
            "name": "Wood bow",
            "damage": [1, 7],
            "passive": "",
            "quality": "common",
            "armor_penetration": 6,
            "price": {"value": 5, "type": "gold", "max_discount": 5},
            "identify": 1,
            "sub_stats": {
                "strength": 10
            }
        }
    },
    "list": [
        "wood_sword"
    ]
}