{
    "version": [0, 0, 1],
    "name": "food",
    "type_items": "food",
    "class": "CONSUMABLE",
    "items": {
        "apple": {
            "name": "Apple",
            "quality":"common",
            "price": {"value": 5, "type": "gold", "max_discount": 5},
            "identify": "food:apple",
            "attribute": {
                "type": "restore",
                "stats": {
                    "health": 5,
                    "mana": 10
                }
            }
        },
        "g_apple": {
            "name": "Golden Apple",
            "quality":"common",
            "price": {"value": 5, "type": "gold", "max_discount": 5},
            "identify": "food:g_apple",
            "attribute": {
                "type": "increase",
                "stats": {
                    "growth_hp": 5,
                    "growth_mp": 5,
                    "luck": 10
                }
            }
        }
    },
    "list": [
        "apple",
        "g_apple"
    ]
}