{
    "version": [0, 0, 1],
    "name": "mod food",
    "type_items": "food",
    "class": "CONSUMABLE",
    "items": {
        "lemon": {
            "name": "Lemon",
            "type": "recover",
            "quality":"common",
            "price": {"value": 5, "type": "gold", "max_discount": 5},
            "identify": 0,
            "attribute": {
                "type": "recover",
                "stats": {
                    "health": 5
                }
            }
        }
    },
    "list": [
        "lemon"
    ]
}