{
    "version": [0, 0, 1],
    "name": "potion",
    "type_items": "potion",
    "class": "CONSUMABLE",
    "items": {
        "recover_potion": {
            "name": "Recover Potion",
            "quality": "common",
            "price": {"value": 5, "type": "gold", "max_discount": 5},
            "identify": 0,
            "attribute": {
                "type": "restore",
                "stats": {
                    "health": 10,
                    "mana": 50,
                    "stamina": 5
                }
            }
        },
        "potion_health_max": {
            "name": "Potion health max",
            "quality": "common",
            "price": {"value": 5, "type": "gold", "max_discount": 5},
            "identify": 0,
            "attribute": {
                "type": "restore",
                "stats": {
                    "health": {
                        "value": 25,
                        "modiefer": "max_health"
                    },
                    "stamina": {
                        "value": 20,
                        "modiefer": "max_stamina"
                    },
                    "mana": {
                        "value": 20,
                        "modiefer": "max_mana"
                    }
                }
            }
        }
    },
    "list": [
        "recover_potion",
        "potion_health_max"
    ]
}