{
    "version": [0, 0, 2],
    "name": "wand",
    "type_items": "weapons",
    "styleAttack": "magic",
    "class": "EQUIPPABLE",
    "location": ["main_hand"],
    "user": ["warrior"],
    "items": {
        "wood_wand": {
            "name": "Wood Wand",
            "damage": [3, 12],
            "quality": "common",
            "armor_penetration": 6,
            "defense": 10,
            "evasion": 6,
            "price": {"value": 5, "type": "gold", "max_discount": 5},
            "identify": 1,
            "sub_stats": {
                "strength": 10
            }
        }
    },
    "list": [
        "wood_wand"
    ]
}