{
    "version": [0, 0, 1],
    "name": "data:entity",
    "stats": {
        "primary": [
            "strength",
            "constitution",
            "archery",
            "perception",
            "magic",
            "will"
        ],
        "_other": {
            "resource": [
                "health",
                "mana",
                "stamina",
                "level"
            ],
            "secondary": [
                "growth_hp",
                "growth_mp",
                "luck"
            ],
            "defense": [
                "defense",
                "evasion",
                "resistance",
                "armor_penetration"
            ]
        }
    },
    "attribute": {
        "max_level": 60,
        "player.role": ["mage", "assasins", "archer", "warrior"],
        "enemy.role": "all",
        "equipment": {
            "weapons": ["main_hand", "off_hand"],
            "armor": ["head", "body", "leg", "shoes"]
        }
    },
    "class": {
        "mage": {
            "attribute" : ["magic", "will"],
            "typeAttack": "magic",
            "statsistic": {
                "strength": 7, 
                "magic": 14, 
                "archery": 5, 
                "constitution": 12,
                "will": 15, 
                "perception": 7, 
                "growth_hp": 100, 
                "growth_mp": 105, 
                "luck": 95,
                "defense": 25,
                "evasion": 5,
                "resistance": 12,
                "armor_penetration":0
            }
        },
        "archer": {
            "typeAttack": "physical",
            "statsistic" : {
                "strength": 11,
                "magic": 3, 
                "archery": 16, 
                "constitution": 10,
                "will": 7,
                "perception": 13, 
                "growth_hp": 95, 
                "growth_mp": 70, 
                "luck": 120,
                "defense": 25,
                "evasion": 5,
                "resistance": 12,
                "armor_penetration":0
            }
        },
        "warrior": {
            "typeAttack": "physical",
            "statsistic": {
                "strength": 15, 
                "magic": 5, 
                "archery": 5, 
                "constitution": 13, 
                "will": 12, 
                "perception": 10, 
                "growth_hp": 105, 
                "growth_mp": 65, 
                "luck": 70,
                "defense": 10,
                "evasion": 5,
                "resistance": 15,
                "armor_penetration":0
            }
        },
        "default": {
            "typeAttack": "physical",
            "statsistic": {
                "strength": 10, 
                "magic": 10, 
                "archery": 10, 
                "constitution": 10, 
                "will": 10, 
                "perception": 10, 
                "growth_hp": 100, 
                "growth_mp": 100, 
                "luck": 100,
                "defense": 10,
                "evasion": 5,
                "resistance": 15,
                "armor_penetration":0
            }
        }
    }

}