{   
    "version": [0, 0, 1],
    "fileGame": {
        "items": "items.data",
        "lang": "lang.data",
        "entity": "entity.data"
    },
    "_view": {
        "strength": "STR",
        "magic": "Magic",
        "archery": "ARC",
        "constitution": "CON",
        "will": "WILL",
        "perception": "PERC",
        "growth_hp": "Growth Hp",
        "growth_mp": "Growth Mp",
        "luck": "LUCK",
        "defense": "DEF",
        "evasion": "Evasion",
        "resistance": "RES",
        "armor_penetration": "A.pen",
        "damage": "DMG",
        "critical_change": "C.Change",
        "critical_hit": "C.Hit",
        "health": "Hp",
        "mana": "Mp",
        "stamina": "St",
        "max_health": "Max Hp",
        "max_mana": "Max Mp",
        "max_stamina": "Max St",
        "class_": "Class"
    },
    "setting": {
        "autosave": true,
        "color": false,
        "input_prompt": ">>> ",
        "lang": "en",
        "show_massages_level": false,
        "difficulty": "normal"
    },
    "quality": {
        "common": {
            "color": "normal",
            "multiplier": 1,
            "change": 5
        },
        "uncommon": {
            "color": "normal",
            "multiplier": 1.4,
            "change": 7
        },
        "rare": {
            "color": "normal",
            "multiplier": 1.9,
            "change": 15
        },
        "epic": {
            "color": "normal",
            "multiplier": 2.3,
            "change": 20
        },
        "legendary": {
            "color": "normal",
            "multiplier": 3,
            "change": 25
        },
        "special": {
            "color": "normal",
            "multiplier": 3.5,
            "change": 30
        }

    }
}