{
    "version": [0, 0, 2],
    "name": "data:items",
    "path": "item",
    "attribute": {
        "primary": [
            "damage",
            "armor_penetration",
            "defense",
            "evasion"
        ],
        "_other": {
            "strength": {
                "value": [1, 5],
                "type": "bonus"
            },
            "magic": {
                "value": [1, 5],
                "type": "bonus"
            },
            "archery": {
                "value": [1, 5],
                "type": "bonus"
            },
            "constitution": {
                "value": [2, 7],
                "type": "bonus"
            },
            "will": {
                "value": [1, 6],
                "type": "bonus"
            },
            "perception": {
                "value": [1, 5],
                "type": "bonus"
            },
            "growth_hp": {
                "value": [1, 3],
                "type": "bonus"
            },
            "growth_mp": {
                "value": [1, 3],
                "type": "bonus"
            },
            "luck": {
                "value": [2, 10],
                "type": "bonus"
            },
            "resistance": {
                "value": [1, 21],
                "type": "bonus"
            }
        },
        "special": {
            "max_health": {
                "value": 100,
                "type": "bonus",
                "multiplier": "items.quality"
            },
            "magic_damage": {
                "value": [
                    35.5,
                    75.0
                ],
                "type": "damage",
                "multiplier": "player.resistance",
                "category": "percent"
            },
            "physical_damage": {
                "value": [
                    40.0,
                    70.0
                ],
                "type": "damage",
                "multiplier": "player.magic",
                "category": "percent"
            },
            "critical_change": {
                "value": [
                    2.0,
                    9.0
                ],
                "type": "bonus",
                "category": "percent"
            },
            "critical_hit": {
                "value": [
                    5.0,
                    25.0
                ],
                "type": "bonus",
                "category": "percent"
            },
            "steel_health": {
                "value": [
                    1.2,
                    7.0
                ],
                "type": "lifesteel",
                "multiplier": "entity.true_damage",
                "category": "percent"
            }
        }
    },
    "listitems": {
        "axe": "axe.weapons",
        "sword": "sword.weapons",
        "armor": "armor.armor",
        "potions": "potion.potions",
        "food": "food.food",
        "mod_food": "m_f.food"
        
    },
    "items": {}
}   