{
   "en": {
      "identify": "en",
      "version": [0, 0, 1],

      "inventory.no_have_items": "You do not have any items in your inventory",

      "equipment.cant_use_items": "You can't wear {name}. This item is only for class {role}",
      "equipment.item_already_equipped": "There is a \"{item}\" already equipped in that location. Would you like to unequip it and equip your new item? (y/n)",
      "equipment.choise_locate_items": "Choose where to install the equipment\n{location} or [C]Cancel",
      "equipment.items_cant_use":"{item} can't be used",
      
      "items.consumable.desc_recover":"Recover {stats}",
      "items.consumable.desc_increase":"Increase {stats}",
      "input_messages.get_enter": "You must enter",
      "input_messages.get_boolean_input": "You must enter \"yes\" or \"no\" (y/n).",
      "input_messages.forms_of_true":  ["yes", "y"],
      "input_messages.forms_of_false": ["no", "n"],
      "input_messages.choise_index": "({index} / {other}) "

   },
   "id": {
      "identify": "id",
      "version": [0, 0, 1],

      "equipment.choise_locate_items": "pilih mau di pasang dimana\n{location}or [C]Cancel",
      "equipment.cant_use_items": "kamu tidak bisa pakai items {name}. items ini hanya untuk role {role}"
   }  
}